Final Value,CAGR,Volatility,MaxDD,Information Ratio,UpCapture,DownCapture,1Y Avg Outperformance,1Y Worst Underperformance,3Y Avg Outperformance,3Y Worst Underperformance,5Y Avg Outperformance,5Y Worst Underperformance
109571323.55166009,0.13390035562332958,0.18651173924666797,-0.4903359376036074,0.09222315581125079,2.7100686843463972e-05,0.9999999907685052,0.004903454222094374,-0.9344624362794338,0.08579338030545425,-1.0950900189335524,0.24751071117872428,-2.4649686605876635
